"N.","Número do processo","Tribunal","Instrumento","Meio","Crime na pronúncia","Motivo do Crime","Crime na sentença","Pena inicial","Pena após recurso","Histórico de Violência Doméstica","Apelo ao sistema de justiça","Data dos fatos","Menção à LMP (momento processual)","Discurso sobre a vítima","Discurso sobre o agressor","Discurso de gênero (momento processual)"
"1","964118-78.2009.8.13.0672 (1)","TJMG","vara de pescar e botas","espancamento","art. 121, §2º, II e III, CP, c.c. art. 5º, Lei 11.340/06","vingar-se da vítima por ter recebido dela um tapa no rosto","art. 121, §2º, I e II, CP","não consta na narrativa","14 anos de reclusão","Sim","Não, por medo das ameaças do réu","Não consta","Delegacia de Polícia","réu sobre a vítima: ""Todo dia quando terminava o serviço eu passava no açougue e tomava umas cachaças; ela (vítima) ia lá e... ao invés dela ir pra casa ou ficar em casa para cuidar de suas obrigações, ia me caçar lá no bar, aí eu chegava em casa e discutia mesmo com ela, dizia “isso é baixaria, você ir no bar atrás de mim”","o filho do casal disse que quando o pai não bebia, era normal. Já presenciou o pai dar tapas e socos em sua mãe; testemunha: ""M. era muito aparecido e gostava de aparecer para os amigos de boteco e por isso sempre a agredia fisicamente""","Juiz na sentença: ""Considerando sua então comprometida conduta social, uma vez que, pelo menos também à época, era de constante embriaguez; considerando, como dito, e por corolário, sua personalidade agressiva, e até um tanto arrogante à época; os motivos nem tanto assim judicialmente justificadores, eis que flagrantemente desproporcionais a uma eventual má conduta ou maus costumes por parte de uma esposa que não parecia mesmo ser boa em âmbito doméstico, mas que também não estaria, por isso, a merecer agressões tão violentas e tão continuadas, que tangenciavam até a crueldade, eis que, comprovadamente, a vítima vinha, há longos anos, sofrendo as mais diversas humilhações e reiteradas agressões oriundas de um comportamento covarde por parte de M.S.; considerando [...] o comportamento social e familiar realmente comprometedor da vítima, fixo-lhe a pena em 16 anos de reclusão [...] que deverá ser cumprida inicialmente em regime fechado.
Ao justificar o regime fechado, o juiz menciona:
M.S., quase que por quase toda sua vida conjugal com M.D. foi muito covarde com ela, porque se ela não prestava para ser esposa, que ele se separasse dela e não assim lhe manter em constantes e ininterruptas humilhações e agressões de toda natureza [...]. Não pode, com este resultado, um réu sair simplesmente andando livremente de um Tribunal e ir para casa, para dormir, digamos, tranquilamente, quem sabe até tomando uma pinguinha antes, porque se M.S. mentiu tanto, pode também ter mentido que parou de beber, que está indo à igreja e que se tornou crente."""
"2","0007507-90.2007.8.13.0240 (4)","TJMG","faca","22 facadas","art. 121, §2º, II e IV, c.c. art.14, II, ambos do CP","cozinhou feijão para a filha com o uso do gás que era do réu; não gostava que ela saísse de casa sozinha; acusou a vítima de traição","art. 121, §2º, II e IV, c.c. art.14, II, ambos do CP","11 anos e 8 meses de reclusão no regime incial fechado","mantida","sim","não","2006","não","Réu: a vítima bebia e continua a beber muito.","ele também bebia.","Defesa em apelação: ""a vítima tinha fundadas razões para esperar pela agressão""."
"3","0170083-10.2010.8.13.0439","TJMG","arma de fogo","disparos na nuca e ombros","art. 121, §2º, II e IV, c.c. art.14, II, ambos do CP","inconformismo com o término da relação","art. 121, §2°, II e IV, c.c. art. 14, II, ambos do CP","12 anos, 8 meses e 14 dias de reclusão no regime incial fechado","10 anos, 10 meses e 20 dias de reclusão","sim","não","2010","Juiz na manutenção da custódia cautelar (art. 20 da Lei 11.340/06)","Irmã da vítima: ela era uma pessoa ativa e trabalhadora, que depois dos fatos deixou de fazer tudo aquilo que fazia anter com independência, inclusive não consegue sentar-se sozinha.","réu alegou que trabalhava, tinha filhos, era católico e não tinha vícios.","Acórdão de apelação pela desembargadora relatora: ""Contudo, observo que as agravantes reconhecidas na sentença (art. 61, II, “a” e “f”, do Código Penal) foram sopesadas com rigor em demasia. Isto porque, ao invés de serem consideradas em conjunto, como recomenda o artigo 67, do Código Penal, foram individualmente aplicadas na elevada fração de 1/6 (um sexto). Neste ínterim, não se pode olvidar ainda que o fato de o crime ter sido praticado prevalecendo-se de relações domésticas, com violência contra a mulher, insere-se, em certa medida, nas próprias circunstâncias fáticas consideradas na valoração da pena-base""."
"4","2867348-10.2010.8.13.0024 (4)","TJMG","faca","facadas","art.121, §2º, II e IV, CP","ciúmes + relação violenta","art. 121, §2°, II e IV, CP","16 anos de reclusão em regime incial fechado","16 anos e 4 meses de reclusão em regime inicial fechado","sim","não","2010","Dosimetria: aplica a agravante genérica do art. 61, II, ""f"", CP.","irmãs da vítima: ela era usuária de drogas e já tinha se relacionado com diversos homens; O réu afirmou que a vítima “tinha o costume de ir até a casa do depoente e chutar a porta, pular o portão, quebrar vidros, quando não era atendida pelo depoente”.","Irmã da vítima relata o que ouviu dela: ""“esse P. é folgado, ele acha que na hora que ele me chama eu tenho que ir lá na casa dele abrir as pernas para ele, ele acha que me dá essas coisas para o I. (filho) e que eu sou obrigada a ir lá na hora que ele quer”; amiga da vítima: ele se interessava pela vítima apenas para satisfazer seus desejos sexuais. testemunha: ele era agressivo, já matou a ex-esposa.","Em acórdão de apelação: “Para a configuração de violência domestica não é necessário que as partes sejam necessariamente casadas ou já tenham sido, já que a união estável e o namoro também encontram sob o manto protetivo da lei. Basta a exigência de relação familiar ou de afetividade, não importando o gênero do agressor, já que a norma visa apenas a repressão e prevenção da violência doméstica contra a mulher”."
"5","6868729-63.2009.8.13.0024 (10)","TJMG","arma de fogo","disparos com a arma","art. 121, §2°, II e IV, CP","reação ao fato de a vítima ter falado ""“então some para lá, vai lamber a bunda de seus colegas” + estava embriagado","art. 121, §2°, IV, CP","14 anos de reclusão no regime incial fechado","mantida","não há registro no processo","não","2002","Dosimetria: aplica a agravante genérica do art. 61, II, ""f"", CP.","não há.","Testemunhas: ele tinha vergonha da obesidade da vítima; tinha relacionamentos extraconjugais; ""ele gostava de muita farra e muita mulherada""; era pessoa trabalhadora.","Defesa em apelação: ""“até alguns anos atrás , a moça quando desonrada, ou seja, desvirginada sem casamento, era motivo de vingança e até de morte. Existem pessoas, que até hoje, dão valor exagerado a “pseudo honra”."
"6","0978806-52.2009.8.13.0040 (6)","TJMG","faca","33 facadas","art. 121, §2º, I, III e IV, c.c. art. 61, II, ""f"", ambos do CP, na forma da Lei 11.340/06","inconformismo com o término da relação + imagina que era traído","art. 121, §2º, I, III e IV, c.c. art. 61, II, ""e"" e ""f"", ambos do CP","17 anos no regime incial fechado","15 anos de reclusão no regime incial fechado","sim, com registro de Boletim de Ocorrência por ameaça","sim","2009","Denúncia: faz menção à LMP; dosimetria: aplica a agravante genérica do art. 61, II, ""f"", CP.","pessoa direitas, honesta, trabalhadora e de boa índole, e que nunca souberam de traição por parte da vítima; juiz pergunta a uma testemunha: ""“(...) Ela tinha horário para trabalhar, horários rígidos, de levar os meninos na escola? Ela era uma mulher séria? Tranquila?”","pessoa direita, honesta, trabalhador e de boa índole. irmã da vítima: após o término, ele vinha se humilhando para a vítima; teria ameaçado o irmão da vítima por este receber benefício previdenciário, tendo dito ""“que já matou e que se o declarante entrar na vida dele ou da atual mulher que matará também o declarante”","Acórdão de apelação que afastou a agravante genérica: ""“neste contexto, o fato de o apelante continuar indo a casa da vítima não é suficiente para se concluir que ele praticou o homicídio, prevalecendo-se de relações domesticas, de coabitação ou de hospitalidade. Relações de coabitação indicam as ligações de convivência entre as pessoas sob o mesmo teto. Se o réu e a vítima não estavam vivendo na mesma casa, vez que já separados de fato, me parece estranho falar de coabitação”"
"7","0002319-40.2010.8.11.0023","TJMT","arma de fogo","disparos com a arma","art. 121, §2°, I e IV, CP","inconformismo com o término da relação","art. 121, §2°, I e IV, CP","20 anos de reclusão no regime inicial aberto","mantida","não há registro no processo","não","2010","não","réu sobre a vítima: ela teria dito ""“é a dor de corno dele que está doendo muito”; defesa sobre a vítima: ""“O comportamento negativo da vítima, inicialmente em namorar na casa na frente do bebê e em se dirigir contra o acusado com chacotas, traduzidas em ofensas diretas (“corno”), expressão de desprezo e deboche, foi a causa determinante da ação do acusado que ceifou a vida vítima”","não há","Juíza na sentença do júri: ""“A conduta do acusado é altamente reprovável, demonstrando o sentimento machista de posse sobre a ex-companheira, ceifando-lhe a vida pela deliberação negativa da vítima na retomada do relacionamento amoroso. A atitude criminosa revela a nefasta evolução da violência doméstica, redundando a ameaça pretérita em concreto homicídio. Não há, ao contrário da argumentação da defesa pessoal e técnica, sentimento de amor que atenue a culpabilidade. Há, ao contrário, a exibição trágica da mesquinhez humana e do absoluto egoísmo emocional.”"
"8","0025480-03.2000.8.11.0000 (11/99)","TJMT","faca","golpes, inclusive na região genital, culminando por cravar a faca no peito da vítima","art. 121, §2°, I, III e IV, CP c.c. art. 61, II, ""e"", do CP. c. c. art. 1º, Lei 8.072/90","inconformismo com o fim do relacionamento + ciúmes pelo fato de a vítima trabalhar como empregada doméstica em outra residência","art. 121, §1°, CP","5 anos de reclusão no regime incial semiaberto","não houve recurso","não há registro no processo","não","1999","não","réu teria dito a ela: ""você deixa de cuidar de sua casa, de seu marido, para cuidar da casa de outro macho""; disse, ainda, que ela teria o xingado de ""corno"" e ""safado""; na ocasião, perguntou a uma vizinha: ""Dona, o que a senhora acha de uma vagabunda que sai da sua casa e vem dar para um outro safado""; testemunhas: ela era ""enérgica e autoritária"";","testemunhas: pessoa calma e tranquila","Parecer do Procurador de Justiça: ""“Como já realçava, o Des. Ivair Nogueira Itagiba, ‘a dignidade da mulher é distinta da do homem. Precisa ela ser responsabilizada pelos seus atos. Quando adúltera, macula a própria reputação. A mancha, que a deslustra, não passa ao companheiro. Se a desventura cai no lar, não se deve exigir sangue. O remédio eficaz, compatível com o estado atual, é a separação, o divórcio”. 
“Como assinalava, ‘não existe legítima defesa no caso, o que há é, na fase brutal mas verdadeira de Leon Rabinowicz, orgulho de macho ofendido’; aliás, em regra, esses pseudos defendentes da honra, não passam de meros matadores de mulheres: maus esposos, péssimos pais; a opinião generalizada é a de não existir legítima defesa da honra em tais casos”; Juiz presidente do júri: “Com esse julgamento, chego à triste conclusão que enquanto vivermos em uma sociedade machista, a mulher metaforicamente continuará a ser tratada como um simples objeto que pode ser apossado, desapossado e até destruído ao talante do homem. Entretanto, acredito que em um futuro bem próximo a evolução virá e com isso ela terá o seu valor reconhecido e atos como esses serão mais severamente repudiados pela sociedade”."
"9","008160-61.2007.8.11.0042","TJMT","faca","golpes com a faca","art. 121, §2º, II e IV, c.c. art. 14, II, ambos do Código Penal","""se a vítima não queria viver com ele, não viveria com mais ninguém"" + filho do casal procurou o pai e disse: ""“mamãe mandou pegar R$ 20,00 com o senhor, pois ela vai sair com o namorado e tem que pagar o motel”","art. 121, §2º, II e IV, c.c. art. 14, II, ambos do Código Penal","5 anos de reclusão no regime incial semiaberto","mantida","sim","sim, com registros de Boletim de Ocorrência","2006","DDM; medidas protetivas deferidas; Promotoria e Vara especializadas","não há","Promotora: ""acusado é um sujeito truculento e contumaz”; testemunha: ele era uma pessoa calma.","A juíza do primeiro grau presta informações ao Tribunal de Justiça em relação ao pedido de habeas corpus e afirma: “Ressalto que a segregação cautelar do acusado foi necessária, uma vez que, além dos motivos elencados no art. 312 do Código de Processo Penal, o segregamento cautelar do Paciente encontra respaldo no artigo 20 da Lei n°. 11.340/06 e é, sem dúvida, como “in casu”, medida de garantia do direito fundamental da mulher vitimada em sua integridade, implícita ao direito fundamental à vida.”"
"10","912-11.2007.811.0053","TJMT","faca (peixeira)","golpes coma a faca","art. 121, §2°, I, III e IV, do CP","relação violenta + discussão sobre compra de drogas","art. 121, §2º, III e IV, CP","13 anos de reclusão no regime incial fechado","não houve recurso","sim","sim","2007","Delegacia de Polícia; medidas protetivas; Promotoria Especializada","família do acusado: ""agora a vítima virou santa""; era uma pesoa muito nervosa, porque só ela trabalhava para sustentar os filhos, o marido e o vício do acusado; ""trabalhadeira""","“a família do acusado era conivente com as atitudes dele. [...] certa vez, B. apanhou do amásio na frente da sogra e da irmã do ofensor e que ambas não fizeram nada para impedi-lo.”; ""era bom irmão, bom filho e bom tio""","Promotora em pedido de protetivas para os filhos e genitores da vítima: ""“[...] o homem abusivo sente-se mais desafiado quando a mulher se libera do seu controle, ao sentir a perda da autoridade... Mais mulheres são mortas depois de abandonar o relacionamento abusivo do que quando nele continuam.” Continua: ""Nesse ínterim, contudo, o caso deixou de ser considerado com a devida importância, reponsabilidade, sensibilidade e zelo, a mulher vítima e suas mazelas foram ignoradas e transformadas em simples e frio número de processo, junto a outros tantos que se acumulam nas prateleiras dos fóruns, vindo aos autos DOIS MESES depois, pedido de dilação de prazo pela equipe multidisciplinar [...]. QUARENTA E CONCO DIAS depois a julgadora despachou e deferiu o pedido de dez dias para a realização do estudo, que na verdade jamais chegou a ser efetuado porque no dia 31 de julho de 2007, um oficial de justiça noticiou que a vítima fora assassinada pelo acusado em sua residência. 
Após tal desalentadora notícia, a vítima voltou a ser importante para o Poder Judiciário, que enfim determinou o acompanhamento imediato do caso pela equipe multidisciplinar.
Depois de todo o ocorrido, desde que o juízo tomou conhecimento da ameaça em 09 de março de 2007, somente no dia 14 de agosto de 2007 é que os autos finalmente foram encaminhados para o Ministério Público, que muito poderia ter feito para evitar a “desgraça”, pois certamente com o relato da vítima e da equipe multidisciplinar (caso tivesse sido efetivado em prazo razoável ou mesmo admissível) teria requerido a prisão preventiva do agressor e posterior encaminhamento do mesmo para tratamento de desintoxicação, medidas relativamente simples que se tivessem sido atendidas, teriam certamente evitado o assassinato dessa jovem em tão cruéis condições. Pouco me resta a fazer nesta oportunidade, além de lamentar PROFUNDAMENTE o ocorrido [...].
Neste caso, a Justiça tardou e falhou de forma irremediável... vamos aguardar o próximo ou tomar as providências necessárias para mudar nossa forma de atuação??
De resto, diante de alguns acontecimentos lastimáveis que estão ocorrendo nesta Vara Especializada, nos resta tão somente encaminhar cópia deste procedimento para análise da CORREGEDORIA DO CONSELHO NACIONAL DE JUSTIÇA, o que será feito em momento oportuno, bem como dirigir o caso para análise da COMISSÃO INTERAMERICANA DE DIREITOS HUMANOS, a fim de que finalmente seja o procedimento avaliado com o zelo que esta vítima, hoje irremediável, sempre mereceu."
"11","2006/133","TJMT","soda caústica + força bruta","espancamento + esganamento + ingestão de soda caústica","art. 121, III, CP","ciúmes obsessivo + imaginou que fora traído","art. 121, III, CP","15 anos de reclusão no regime inicial fechado","16 anos de reclusão","não há registro no processo","não","2006","não","não há","fazia tratamento em uma clínica psiquiátrica; parecia cabisbaixo e angustiado","Acórdão de apelação: ""[...] os motivos do crime são mais do que evidenciados nos autos, quais sejam, o sentimento egoístico de propriedade e de posse sobre a vítima-mulher; o desejo de exercer sobre a mesma o absoluto comando, vedando-lhe qualquer possibilidade de decidir sobre o próprio destino e condenando-a a morrer sob tortura, por mera suspeita de infidelidade por qualquer razão. 
Trata-se, pois, de motivação egoística e discriminatória de gênero, que merece intenso repúdio e desaprovação. [...] Por derradeiro, da leitura dos autos não se depreende que a vítima tenha sido a mulher megera que tivesse levado o réu a tão elevado nível de mórbida insensibilidade moral. Ao contrário, seu perfil mostra-se como sendo de pessoa afetuosa e sensível. """
"12","1158-28.2007.8.16.0098","TJPR","socos, pontapés e martelo","cárcere privado; ameaça de jogar água quente em seu corpo; desferiu golpes na cabeça da vítima com um martelo","art. 121, §2°, IV, c.c. art. 14, II, ambos do CP + art. 129, §9º, do CP (cárcere privado foi considerado como ""iter criminis"" para realização da violência doméstica)","denúncia das agressões sofridas","art. 129, §1º, c.c. art. 14, II, ambos do CP + art. 129, §9°, na forma do art. 69, ambos do CP.","1 ano de reclusão e 3 meses de detenção em regime inicial aberto","não houve recurso","sim, contra a vítima e contra a mãe da vítima.","Sim, com decretação de medidas protetivas de urgência","2007","Delegacia de polícia (aplica Lei Maria da Penha para as representar pelas protetivas); MP em alegações finais pede nova oitiva das testemunhas (art. 16, Lei 11.340/06);","testemunhas: ""ela já foi presa por porte ilegal de arma de fogo"";","não há.","não há."
"13","0000610-12.2008.8.16.0019","TJPR","cabo de cortadeira","golpes com o instrumento","art. 121, §2°, IV, c.c. art. 14, II, ambos do CP, por duas vezes + art. 147, CP, por duas vezes + art. 5º, I e II, art. 7º, I e II, ambos da Lei 11.340/06","inconformismo com o término do relacionamento","art. 121, caput, c.c. art. 14, II, ambos do CP + art. 147, CP","4 anos e 1 mês de reclusão em regime incial semiaberto","manteve a pena","Sim","Sim, foi lavrado BO para investigar a violência doméstica.","2007","Delegacia de polícia; Ministério Público (desde a denúncia); Sentença de pronúncia; Sentença final","ex-marido da vítima sobre ela: ""tem problema mental, mas não é muito louca"";","vítima disse que ele era boa pessoa; testemunha disse que ouviu o réu dizer: ""era para ter chamado o IML e não o SAMU""","defesa: valeu-se de suposto xingamento proferido pela vítima para justificar as agressões do réu (""agrediu para se defender"")"
"14","0000847-36.2012.8.16.0074","TJPR","asfixia com fio elétrico + balde d""água","asfixia + afogamento","art. 121, §2°, II, III e IV, c.c. art. 61, II, ""f"", ambos do CP + art. 7°, Lei 11.340/06","ciúmes da nova relação da ex-companheira + inconformismo com o fim do relacionamento","não consta na narrativa","18 anos no regime incial fechado","não houve recurso","Sim","Sim, havia medidas protetivas decretadas antes dos fatos","2012","Delegacia de Polícia (protetivas); Ministério Público (desde a denúncia); Sentença de pronúncia (VER);","a vítima teria dito que o réu não era homem e que ele ""passou por muita humilhação""","Alego que quando fica sem tomar insulina fica agressivo e não se recorda do que ocorreu no dia.","MP em alegações finais: ressalta frequência de delitos como este na cidade; ""É inconcebível eu em pleno século XXI um homem ainda considere uma mulher propriedade dele e não aceite o fim do relacionamento, vindo a ceifar a vida da mulher. Ora, crimes como estes devem ser rechaçados pela Justiça, sendo que a lei tem sido severa em circunstancias como esta, demonstrando horror a este sistema arcaico de propriedade da mulher pelo homem""."
"15","0000028-98.2014.8.16.0068","TJPR","arma de fogo","disparos contra a companheira e a sogra","art. 121, §2º, II e IV, do CP + art. 121, §2º, II, c.c. art. 14, II, ambos do CP","vingança por supostamente ter visto a companheira beijar outro homem","art. 121, §2º, II e IV, do CP + art. 121, §2º, II, c.c. art. 14, II, ambos do CP","25 anos, 2 meses e 12 dias de reclusão no regime incial fechado","manteve a pena","sem registros processuais","não","2004","não","testemunha: réu disse à vítima ""vai aprender a respeitar homem""","a vítima teria dito ""atira se for homem""","Defesa em sede de apelação: ""se o apelante viu a mulher beijando outro homem na boca, o motivo não pode ser fútil""; réu ""foi mais vítima do que réu""; busca culpar a mãe pela suposta má educação da vítima: ""A vítima F., mãe de M., deveria, ao menos, ensinar às filhas, decência. Não foi isso que fez. Levava as filhas para o ‘mau caminho’, segundo palavras do próprio denunciado"""
"16","0000522-13.2013.6.16.0111","TJPR","espingarda","disparos da arma de fogo","art. 121, §2º, I e IV, c.c. art. 61, II, ""f"", ambos do CP","vingança por uma suposta traição","não houve julgamento até a presente data","_","_","Sim, há menção a agressões e ameaças de morte","não, por medo das ameaças","2013","Delegado de Polícia; agravante genérica, que surge na denúncia e permanece até a pronúncia.","pai da vítima disse que o réu ""roubou sua filha, sem consentimento""; que o acusado havia dito que ia permitir que ela fosse à escola (ela tinha 16 anos), além de fazer as tarefas domésticas","havia ingerido bebida alcoolica no dia e diz que tudo não passou de um acidente","não há."
"17","554.01.2012.027139-4 (202/12)","TJSP","faca","três facadas nas costas da vítima - depois, vítima admitir ter sido apenas uma facada","art. 121, §2º, I e IV, c.c. art. 14, II","Indignação pela separação do casal","art. 129, caput","3 meses em regime aberto","-","Na denúncia, constava que sim. Em depoimento posterior da vítima, ela diz que não.","não.","2012","Promotora pleiteia no momento da denúncia (art. 5º, II e art. 7º, I e II). Na sentença, não há menção.","a vítima não teria deixado de amar o réu e por isso teriam retomado o relacionamento. M. relatou que fazia visitas a R., na unidade prisional em que se encontrava sob prisão preventiva pela tentativa de homicídio","""mesquinho sentimento de possessão gerado pelo inconformismo do indiciado com o término da relação marital, revelando, de forma inequívoca, a abjeção e repugnância de sua conduta""","""Utilizou-se o indiciado, ainda, de violência contra sua ex-companheira, provocando-lhe, além dos danos físicos e mortais, danos de ordem emocional, mediante ameaças, agressões, humilhações e constrangimentos frequentes, causando-lhe, há tempos, prejuízo à saúde psicológica e autodeterminação"""
"18","9000034-57.2010.8.26.0554 (332/10)","TJSP","cabo de vassoura, garrafa de vidro","golpes o cabo de vassoura e com a garrafa","Art. 121, § 2º, incisos I e IV. Houve aditamento porque a vítima faleceu.","O réu queria se vingar da vítima porque ela havia permitido a entrada de seu amigo na residência do casal.","art. 121, art. 121, § 2º, incisos I e IV.","29 anos e 2 meses de reclusão.","Mantida.","Não consta.","não","2010","Não é citada. aplica-se somente a agravante prevista no art. 61, II, “f”.","não há.","""personalidade egoística"";""segundo as palavras do próprio réu, não permite a presença de nenhum homem em sua casa quando não está presente, e esta é a orientação que passa à companheira.""","não há."
"19","0043715-02.2011.8.26.0554 (375/11)","TJSP","faca","cárcere privado e golpes de faca.","art. 121, §2º, I, III e IV. Aplicadas disposições da LMP.","Indignação pela separação do casal","art. 121, §2º, I, III e IV. Presente agravante do art. 61, II, “f”.","32 anos e 8 meses.","28 anos de reclusão.","Sim (agressão física, ameaças)","Não é explícito. uma testemunha diz que a vítima ""tinha entrado com a LMP""","2011","Denúncia.","não há.","não há.","""Utilizou-se o acusado ainda de violência contra sua esposa, provocando-lhe, além dos danos físicos e mortais, danos de ordem emocional, mediante ameaças, agressões, humilhações, e constrangimentos frequentes, causando-lhe, há tempos, prejuízo à saúde psicológica e autodeterminação."""
"20","554.01.2012.038864-5 (308/2012)","TJSP","faca","mandante, golpe de faca no pescoço.","artigo 121, par. 2º, incisos I, II e IV, combinados com o art. 29, caput, e 62, inciso I","Indignação pela separação do casal","Ainda não ocorreu.","-","-","Não.","Não","2012","Não há.","""pessoa de personalidade forte, “muito justa”""","Mãe da vítima: ""ele era do tipo machão, estúpido, na minha casa naquela época era só eu e a L. que morava junto, ele achava que porque era homem podia falar grosso, só que na minha casa quem fala grosso sou eu""","não há."
"21","0032509-98.2005.8.26.0554 (549/05)","TJSP","faca","golpes no rosto, antebraços e costas","art. 121, §2º, incisos II e IV","Indignação pela separação do casal e ciúmes pelo fato de a vítima ter outro relacionamento.","art. 121, §2º, incisos II e IV","16 anos","13 anos e 4 meses.","Não.","Não.","2005","Não.","não há.","não há.","não há."
"22","554.01.2003.054940-9 (13/2003)","TJSP","faca","três golpes nas costas","artigo 121, parágrafo 2º, inciso IV c.c. artigo 14, inciso II e artigo 61, inciso II, “e”","Indignação pela separação do casal.","artigo 121, parágrafo 2º, inciso IV c.c. artigo 14, inciso II e artigo 61, inciso II, “e”","8 anos","Mantida.","Sim (ameaças, perseguição)","A vítima havia registrado Boletim de Ocorrência de ameaça no dia anterior aos fatos.","2003","não.","não há.","""embriaguez constante do acusado, que não chegava a bater na mulher ou nos filhos, mas que causava muita tensão no ambiente familiar""","não há."
"23","2008.3.008130-9","TJPA","arma de fogo","três tiros a queima roupa","art. 121, § 2º, inc. IV","Indignação pelo fim do relacionamento, sentimento de posse, ciúme.","art. 121, § 2º, inc. IV","22 anos.","Mantida.","Sim (ameaças, perseguição, lesão corporal leve)","Sim (lavrado boletim de ocorrência por ameaça, perseguição e lesão corporal leve)","2007","não.","não há.","""ciumento, possessivo""","Promotora: ""Não se pode deixar de mencionar, ainda, que N. não foi a única mulher a sofrer nas mãos do acusado, pois foi comprovado que sua ex-namorada R.A. também foi vítima de sua personalidade possessiva em relacionamentos afetivos."""
"24","2008.300.5698-0","TJPA","arma de fogo","tiros na ex companheira e no atual companheiro dela","2x art. 121, caput e 1x 121 c/c 14, II. Todos combinados com art. 69.","Inconformismo por não conseguir visitar a filha (e por ela não querer vê-lo)","2x art. 121, caput e 1x 121 c/c 14, II. Todos combinados com art. 69.","18 anos e 04 meses.","Mantida.","Não.","Não.","1997","não","não há.","testemunha: ""um pai exemplar"".","não há."
"25","2009.3.012284-7","TJPA","faca","golpes de faca","art. 121, par. 2º, inc. II e IV","Discussão com a mãe da vítima.","art. 129, §3º.","12 anos.","Mantida.","não.","não.","2005","Sentença: ""Tendo em vista que o crime praticado configura violência doméstica e familiar contra a mulher, na forma do art. 5º, inc. III, da Lei 11.340/2006, pois a vítima e o réu mantiveram uma relação íntima de afeto por mais de um ano, chegando o réu a conviver com a ofendida sob o mesmo teto, sento que ambos tiveram um filho, necessário reconhecer a causa de aumento de pena mencionada no par. 10 do art. 129 do CP.""","Arcava sozinha com as despesas da casa.","Era desempregado; a companheira que arcava com as despesas da casa.","não há."
"26","2013.3.016589-1","TJPA","canivete","golpes de canivere","art. 121, caput","ciúme.","art. 121, caput","18 anos e 3 meses","-","não","não","1998.","Não.","não há.","não há.","Sentença: revelou, ao assassinar a mulher com quem conviveu maritalmente, seu caráter violento, machista, possessivo e controlador, aspectos que desabonam a sua personalidade ao sustentar em juízo uma versão leviana para tentar macular a honra da falecida (disse que ela agrediu uma mulher que o acompanhava no bar) e tentar responsabilizá-la pelo homicídio. [... o motivo do crime é injustificável e censurável, o réu matou a vítima simplesmente porque, quando estava alcoolizado, se desentendeu com ela, demonstrando dessa forma seu destempero e incapacidade de controlar seus próprios problemas e frustrações [...]."
"27","2008.3.009.320-5","TJPA","arma de fogo","dois disparos contra a vítima. um dos disparos a acertou.","art. 121, §2º, IV, c.c. art. 14, II","Indignação pelo fim do relacionamento, sentimento de posse, ciúme.","art. 121, §2º, IV, c.c. art. 14, II","10 anos","-","Sim.","não","2004","não","""“chegou a nutrir amor pelo acusado, sendo cessado gradativamente pelas violências que sofria”.""","""pessoa extremamente violenta""","não há."
"28","0000671-14.2010.8.05.0113 (2)","TJBA","arma de fogo","mandante, disparo com arma de fogo","art. 121, §2º, IV c.c. art. 29.","Ciúme, interesse material","-","-","-","Sim, ameaças.","não.","2009","não","Quando pede-se exame de DNA para provar se o filho que a vítima carregava no ventre era mesmo do marido, a delegada diz: ""Destarte, registramos que o atraso do envio dos autos deveu-se ao aguardo dessa peça importante, para fechamento das investigações, muito embora tenhamos convicção, que o filho da vitimada era de Everaldo, haja vista, a ofendida ser uma professora de caráter ilibado e nenhuma sombra de mancha contra sua reputação ter sido trazida aos autos que pudesse macular seu nome no conceito social.""; ""a vítima era muito independente, trabalhava""","""possuia cerca de 50 filmes “com temas macabros”.","não há."
"29","0003676-66.2006.8.05.0248 (6)","TJBA","arma de fogo","cinco tiros","art. 121, §2º, IV c.c. art. 14","Indignação pelo fim do relacionamento.","art. 121, §2º, IV c.c. art. 14","9 anos e 4 meses","11 anos e 4 meses","Sim, agressão física e ameaça. Ameaçava também os três filhos do casal.","sim, já efetuou dois boletins de ocorrência por agressão.","2008","não.","O réu diz que ela o traía.","a vítima diz que ele queria ter relações sexuais na frente das crianças, bebia todos os dias","não há."
"30","0184305.29.2008.8.05.0001 (11)","TJBA","envenenamento","uso de arsênico em pequenas quantidades durante muito tempo na comida da vítima","art. 121, par. 2º, inc. III (emprego de veneno) e IV (dissimulação)","Interesse material","-","-","-","Não.","Não","2001-2003","não","não há.","não há.","não há."
"31","0001724.86.2012.8.05.0201 (3)","TJBA","arma de fogo","disparo no rosto da vítima","art. 121, § 2º, inc. II.","Indignação pelo término do relacionamento,","art. 121, § 2º, inc. II.","6 anos e 6 meses de reclusão","-","Sim, agressão física.","Sim, havia lavrado boletim de ocorrência por agressão física","2012","Sim. Delegada pede prisão preventiva com base nos dispositivos da LMP.","não há.","não há.","não há."
"32","0001818-81.2005.8.05.0103; 0005052-08.2010.8.05.0229","TJBA","Diazepan, instumento contundente, afogamento","sedou a vítima com diazepan, atentado violento ao pudor (ato diverso da conjunção carnal), golpes na cabeça, empalamento (""o ânus e a vagina viraram um orifício só"")","art. 121, I, III e IV; art. 214 cc art. 224; art. 211.","No inquérito policial: ""observado certo desejo de práticas sexuais com crianças e adolescentes""; MP: ""“O motivo do delito foi satisfação da lascívia""","-","29 anos e 10 meses + 942 dias-multa","29 anos e 2 meses + 10 dias-multa","Trata-se de feminicídio não-íntimo. Há relatos de que o acusado agredia sua ex companheira (""Uma testemunha relata que pediu a L. que não batesse mais em S., ao que ele teria respondido que não iria mais bater nela, mas “iria matá-la aos pouquinhos”"")","-","2005","não há.","mãe: ""adolescente pura, de comportamento calmo, não gostava de sair, nem de festas, somente saía com a família, não possuindo namorados, sendo uma jovem muito ligada à família""; ""era uma moça de comportamento direito, uma exceção na cidade onde várias meninas se prostituem e não têm comportamento condizente com a moral""","No inquérito policial: ""observado ceto desejo de práticas sexuais com crianças e adolescentes""; Rumores sobre o hábito de ver filmes pornográficos com a enteada e filhos menores; ""tinha o comportamento tranquilo, porém não podia ver mulher”; defesa: ""não se sabe de qualquer má conduta que desabone a sua moral e profissional, sendo o mesmo filho de uma família libada e tradicional”","não há."
"33","0000751­21.2006.8.26.0052  (583.52.2006.000751)","TJSP","faca","nove facadas contra a vítima, que faleceu por hemorragia no meio da rua","art. 121, § 2º, incisos I e IV","O réu alegou que trabalhava enquanto a vítima ia para a balada. Ela o teria traído.","art. 121, caput do CP","6 anos de reclusão, regime inicial aberto","não houve recurso","Sim. Há depoimentos de testemunhas que relatam que a vítima vinha sofrendo ameaças. O réu andava com um punhal. Há relatos de que havia agressões mútuas.","Não.","2006","Não.","Ao longo do processo há menções à traição da vítima (réu), que frequentaria ""puteiros"" e iria para a balada. Há menção a consumo abusivo de álcool. O filho do casal relata que ficava na rua enquanto a mãe ia para o bar. Disse ter visto a mãe beijando e fazendo sexo oral em um homem.","Trabalhador, pagava as contas em dia. Homem bom.","“o réu não tem perfil de péssimo companheiro: ele mantinha a família e sempre pagou o aluguel, ao contrário de [a vítima], que não trabalhava. Ela apenas cuidava dos filhos e fazia faxinas eventuais para contribuir com a renda da casa”; “[a vítima] se desencantou da vida que levava e queria ter o melhor dos dois mundos: o de vida de casada e o de vida de solteira. Mas não se pode ter os dois mundos”, “ela estava mais interessada em curtir a vida do que em cuidar das crianças”, “não é coerente um sujeito de bem, simples e trabalhador, chegar em casa depois de um dia longo e não ter sequer a janta feita, ver as crianças sem tomar banho”. "
"34","0081738-52.2008.8.11.0000","TJMT","arma de fogo","dois disparos, um na cabeça","art. 121, §2º, II, III e IV, do CP","a vítima era advogada da ex-esposa do réu, que estava se separando dele por conta do consumo excessivo de bebida alcoolica e porque ele seria muito ciumento, sobretudo após a vítima abrir um salão de beleza para ajudar na renda familiar","Homicídio qualificado","19 anos, 10 meses e 20 dias de reclusão","Mantida","Sim. Há menção a desavenças entre o réu e a ex-esposa e uma reportagem menciona que ele seria violento contra a esposa e a filha de dez anos de idade.","Não consta.","2007","Não","Advogada que cuidava da separação do casal a pedido da esposa. Por conta da ação, o policial foi obrigado a deixar a residência do casal.","Dissimulado, violento. Ameaçou testemunhas, simulou uma transferência para outra cidade, tem registros de abuso de poder no exercício da função.","Quesito: ""O réu agiu por motivo fútil, consistente no fato de a vítima, que exercia a profissão de advogada, ter representado processualmente a esposa dele em ação cautelar de separação de corpos?"""
